,hhmm_open,open,high,low,close,minutes,date
0,900,0.0,0.0,0.0,0.0,1,20240117
1,901,0.0,0.0,0.0,0.0,1,20240117
2,902,0.0,0.0,0.0,0.0,1,20240117
3,903,0.0,0.0,0.0,0.0,1,20240117
4,904,0.0,0.0,0.0,0.0,1,20240117
5,905,0.0,0.0,0.0,0.0,1,20240117
6,906,0.0,0.0,0.0,0.0,1,20240117
7,907,0.0,0.0,0.0,0.0,1,20240117
8,908,0.0,0.0,0.0,0.0,1,20240117
9,909,0.0,0.0,0.0,0.0,1,20240117
10,910,0.0,0.0,0.0,0.0,1,20240117
11,911,0.0,0.0,0.0,0.0,1,20240117
12,912,0.0,0.0,0.0,0.0,1,20240117
13,913,0.0,0.0,0.0,0.0,1,20240117
14,914,0.0,0.0,0.0,0.0,1,20240117
15,915,0.0,0.0,0.0,0.0,1,20240117
16,916,0.0,0.0,0.0,0.0,1,20240117
17,917,0.0,0.0,0.0,0.0,1,20240117
18,918,0.0,0.0,0.0,0.0,1,20240117
19,919,0.0,0.0,0.0,0.0,1,20240117
20,920,0.0,0.0,0.0,0.0,1,20240117
21,921,0.0,0.0,0.0,0.0,1,20240117
22,922,0.0,0.0,0.0,0.0,1,20240117
23,923,0.0,0.0,0.0,0.0,1,20240117
24,924,0.0,0.0,0.0,0.0,1,20240117
25,925,0.0,0.0,0.0,0.0,1,20240117
26,926,0.0,0.0,0.0,0.0,1,20240117
27,927,0.0,0.0,0.0,0.0,1,20240117
28,928,0.0,0.0,0.0,0.0,1,20240117
29,929,0.0,0.0,0.0,0.0,1,20240117
30,930,0.0,0.0,0.0,0.0,1,20240117
31,931,0.0,0.0,0.0,0.0,1,20240117
32,932,0.0,0.0,0.0,0.0,1,20240117
33,933,0.0,0.0,0.0,0.0,1,20240117
34,934,0.0,0.0,0.0,0.0,1,20240117
35,935,0.0,0.0,0.0,0.0,1,20240117
36,936,0.0,0.0,0.0,0.0,1,20240117
37,937,0.0,0.0,0.0,0.0,1,20240117
38,938,0.0,0.0,0.0,0.0,1,20240117
39,939,0.0,0.0,0.0,0.0,1,20240117
40,940,0.0,0.0,0.0,0.0,1,20240117
41,941,0.0,0.0,0.0,0.0,1,20240117
42,942,0.0,0.0,0.0,0.0,1,20240117
43,943,0.0,0.0,0.0,0.0,1,20240117
44,944,0.0,0.0,0.0,0.0,1,20240117
45,945,0.0,0.0,0.0,0.0,1,20240117
46,946,0.0,0.0,0.0,0.0,1,20240117
47,947,0.0,0.0,0.0,0.0,1,20240117
48,948,0.0,0.0,0.0,0.0,1,20240117
49,949,0.0,0.0,0.0,0.0,1,20240117
50,950,0.0,0.0,0.0,0.0,1,20240117
51,951,0.0,0.0,0.0,0.0,1,20240117
52,952,0.0,0.0,0.0,0.0,1,20240117
53,953,0.0,0.0,0.0,0.0,1,20240117
54,954,0.0,0.0,0.0,0.0,1,20240117
55,955,0.0,3.0,3.0,3.0,1,20240117
56,956,3.0,5.0,-8.0,-6.0,1,20240117
57,957,-6.0,4.0,-12.0,2.0,1,20240117
58,958,2.0,4.0,-6.0,-5.0,1,20240117
59,959,-5.0,-5.0,-23.0,-19.0,1,20240117
60,1000,-19.0,-18.0,-32.0,-23.0,1,20240117
61,1001,-23.0,-14.0,-33.0,-19.0,1,20240117
62,1002,-19.0,-12.0,-28.0,-22.0,1,20240117
63,1003,-22.0,-7.0,-25.0,-12.0,1,20240117
64,1004,-12.0,-6.0,-19.0,-16.0,1,20240117
65,1005,-16.0,-5.0,-19.0,-9.0,1,20240117
66,1006,-9.0,2.0,-11.0,-9.0,1,20240117
67,1007,-9.0,-1.0,-19.0,-4.0,1,20240117
68,1008,-4.0,3.0,-16.0,-4.0,1,20240117
69,1009,-4.0,9.0,-10.0,-3.0,1,20240117
70,1010,-3.0,10.0,-8.0,9.0,1,20240117
71,1011,9.0,18.0,0.0,25.0,1,20240117
72,1012,25.0,25.0,25.0,25.0,1,20240117
73,1013,25.0,25.0,25.0,25.0,1,20240117
74,1014,25.0,25.0,25.0,25.0,1,20240117
75,1015,25.0,25.0,25.0,25.0,1,20240117
76,1016,25.0,25.0,25.0,25.0,1,20240117
77,1017,25.0,25.0,25.0,25.0,1,20240117
78,1018,25.0,25.0,25.0,25.0,1,20240117
79,1019,25.0,25.0,25.0,25.0,1,20240117
80,1020,25.0,25.0,25.0,25.0,1,20240117
81,1021,25.0,25.0,25.0,25.0,1,20240117
82,1022,25.0,25.0,25.0,25.0,1,20240117
83,1023,25.0,25.0,25.0,25.0,1,20240117
84,1024,25.0,25.0,25.0,25.0,1,20240117
85,1025,25.0,25.0,25.0,25.0,1,20240117
86,1026,25.0,25.0,25.0,25.0,1,20240117
87,1027,25.0,25.0,25.0,25.0,1,20240117
88,1028,25.0,25.0,25.0,25.0,1,20240117
89,1029,25.0,25.0,25.0,25.0,1,20240117
90,1030,25.0,25.0,25.0,25.0,1,20240117
91,1031,25.0,25.0,25.0,25.0,1,20240117
92,1032,25.0,25.0,25.0,25.0,1,20240117
93,1033,25.0,25.0,25.0,25.0,1,20240117
94,1034,25.0,25.0,25.0,25.0,1,20240117
95,1035,25.0,25.0,25.0,25.0,1,20240117
96,1036,25.0,25.0,25.0,25.0,1,20240117
97,1037,25.0,25.0,25.0,25.0,1,20240117
98,1038,25.0,25.0,25.0,25.0,1,20240117
99,1039,25.0,25.0,25.0,25.0,1,20240117
100,1040,25.0,25.0,25.0,25.0,1,20240117
101,1041,25.0,25.0,25.0,25.0,1,20240117
102,1042,25.0,25.0,25.0,25.0,1,20240117
103,1043,25.0,25.0,25.0,25.0,1,20240117
104,1044,25.0,25.0,25.0,25.0,1,20240117
105,1045,25.0,25.0,25.0,25.0,1,20240117
106,1046,25.0,25.0,25.0,25.0,1,20240117
107,1047,25.0,25.0,25.0,25.0,1,20240117
108,1048,25.0,25.0,25.0,25.0,1,20240117
109,1049,25.0,25.0,25.0,25.0,1,20240117
110,1050,25.0,25.0,25.0,25.0,1,20240117
111,1051,25.0,25.0,25.0,25.0,1,20240117
112,1052,25.0,25.0,25.0,25.0,1,20240117
113,1053,25.0,25.0,25.0,25.0,1,20240117
114,1054,25.0,25.0,25.0,25.0,1,20240117
115,1055,25.0,25.0,25.0,25.0,1,20240117
116,1056,25.0,25.0,25.0,25.0,1,20240117
117,1057,25.0,25.0,25.0,25.0,1,20240117
118,1058,25.0,25.0,25.0,25.0,1,20240117
119,1059,25.0,25.0,25.0,25.0,1,20240117
120,1100,25.0,25.0,25.0,25.0,1,20240117
121,1101,25.0,25.0,25.0,25.0,1,20240117
122,1102,25.0,25.0,25.0,25.0,1,20240117
123,1103,25.0,25.0,25.0,25.0,1,20240117
124,1104,25.0,25.0,25.0,25.0,1,20240117
125,1105,25.0,25.0,25.0,25.0,1,20240117
126,1106,25.0,25.0,25.0,25.0,1,20240117
127,1107,25.0,25.0,25.0,25.0,1,20240117
128,1108,25.0,25.0,25.0,25.0,1,20240117
129,1109,25.0,25.0,25.0,25.0,1,20240117
130,1110,25.0,25.0,25.0,25.0,1,20240117
131,1111,25.0,25.0,25.0,25.0,1,20240117
132,1112,25.0,25.0,25.0,25.0,1,20240117
133,1113,25.0,25.0,25.0,25.0,1,20240117
134,1114,25.0,25.0,25.0,25.0,1,20240117
135,1115,25.0,25.0,25.0,25.0,1,20240117
136,1116,25.0,25.0,25.0,25.0,1,20240117
137,1117,25.0,25.0,25.0,25.0,1,20240117
138,1118,25.0,25.0,25.0,25.0,1,20240117
139,1119,25.0,25.0,25.0,25.0,1,20240117
140,1120,25.0,25.0,25.0,25.0,1,20240117
141,1121,25.0,25.0,25.0,25.0,1,20240117
142,1122,25.0,25.0,25.0,25.0,1,20240117
143,1123,25.0,25.0,25.0,25.0,1,20240117
144,1124,25.0,25.0,25.0,25.0,1,20240117
145,1125,25.0,25.0,25.0,25.0,1,20240117
146,1126,25.0,25.0,25.0,25.0,1,20240117
147,1127,25.0,25.0,25.0,25.0,1,20240117
148,1128,25.0,25.0,25.0,25.0,1,20240117
149,1129,25.0,25.0,25.0,25.0,1,20240117
150,1130,25.0,25.0,25.0,25.0,1,20240117
151,1131,25.0,25.0,25.0,25.0,1,20240117
152,1132,25.0,25.0,25.0,25.0,1,20240117
153,1133,25.0,25.0,25.0,25.0,1,20240117
154,1134,25.0,25.0,25.0,25.0,1,20240117
155,1135,25.0,25.0,25.0,25.0,1,20240117
156,1136,25.0,25.0,25.0,25.0,1,20240117
157,1137,25.0,25.0,25.0,25.0,1,20240117
158,1138,25.0,25.0,25.0,25.0,1,20240117
159,1139,25.0,25.0,25.0,25.0,1,20240117
160,1140,25.0,25.0,25.0,25.0,1,20240117
161,1141,25.0,25.0,25.0,25.0,1,20240117
162,1142,25.0,25.0,25.0,25.0,1,20240117
163,1143,25.0,25.0,25.0,25.0,1,20240117
164,1144,25.0,25.0,25.0,25.0,1,20240117
165,1145,25.0,25.0,25.0,25.0,1,20240117
166,1146,25.0,25.0,25.0,25.0,1,20240117
167,1147,25.0,25.0,25.0,25.0,1,20240117
168,1148,25.0,25.0,25.0,25.0,1,20240117
169,1149,25.0,25.0,25.0,25.0,1,20240117
170,1150,25.0,25.0,25.0,25.0,1,20240117
171,1151,25.0,25.0,25.0,25.0,1,20240117
172,1152,25.0,25.0,25.0,25.0,1,20240117
173,1153,25.0,25.0,25.0,25.0,1,20240117
174,1154,25.0,25.0,25.0,25.0,1,20240117
175,1155,25.0,25.0,25.0,25.0,1,20240117
176,1156,25.0,25.0,25.0,25.0,1,20240117
177,1157,25.0,25.0,25.0,25.0,1,20240117
178,1158,25.0,25.0,25.0,25.0,1,20240117
179,1159,25.0,25.0,25.0,25.0,1,20240117
180,1200,25.0,25.0,25.0,25.0,1,20240117
181,1201,25.0,25.0,25.0,25.0,1,20240117
182,1202,25.0,25.0,25.0,25.0,1,20240117
183,1203,25.0,25.0,25.0,25.0,1,20240117
184,1204,25.0,25.0,25.0,25.0,1,20240117
185,1205,25.0,25.0,25.0,25.0,1,20240117
186,1206,25.0,25.0,25.0,25.0,1,20240117
187,1207,25.0,25.0,25.0,25.0,1,20240117
188,1208,25.0,25.0,25.0,25.0,1,20240117
189,1209,25.0,25.0,25.0,25.0,1,20240117
190,1210,25.0,25.0,25.0,25.0,1,20240117
191,1211,25.0,25.0,25.0,25.0,1,20240117
192,1212,25.0,25.0,25.0,25.0,1,20240117
193,1213,25.0,25.0,25.0,25.0,1,20240117
194,1214,25.0,25.0,25.0,25.0,1,20240117
195,1215,25.0,25.0,25.0,25.0,1,20240117
196,1216,25.0,25.0,25.0,25.0,1,20240117
197,1217,25.0,25.0,25.0,25.0,1,20240117
198,1218,25.0,25.0,25.0,25.0,1,20240117
199,1219,25.0,25.0,25.0,25.0,1,20240117
200,1220,25.0,25.0,25.0,25.0,1,20240117
201,1221,25.0,25.0,25.0,25.0,1,20240117
202,1222,25.0,25.0,25.0,25.0,1,20240117
203,1223,25.0,25.0,25.0,25.0,1,20240117
204,1224,25.0,25.0,25.0,25.0,1,20240117
205,1225,25.0,25.0,25.0,25.0,1,20240117
206,1226,25.0,25.0,25.0,25.0,1,20240117
207,1227,25.0,25.0,25.0,25.0,1,20240117
208,1228,25.0,25.0,25.0,25.0,1,20240117
209,1229,25.0,25.0,25.0,25.0,1,20240117
210,1230,25.0,25.0,25.0,25.0,1,20240117
211,1231,25.0,25.0,25.0,25.0,1,20240117
212,1232,25.0,25.0,25.0,25.0,1,20240117
213,1233,25.0,25.0,25.0,25.0,1,20240117
214,1234,25.0,25.0,25.0,25.0,1,20240117
215,1235,25.0,25.0,25.0,25.0,1,20240117
216,1236,25.0,25.0,25.0,25.0,1,20240117
217,1237,25.0,25.0,25.0,25.0,1,20240117
218,1238,25.0,25.0,25.0,25.0,1,20240117
219,1239,25.0,25.0,25.0,25.0,1,20240117
220,1240,25.0,25.0,25.0,25.0,1,20240117
221,1241,25.0,25.0,25.0,25.0,1,20240117
222,1242,25.0,25.0,25.0,25.0,1,20240117
223,1243,25.0,25.0,25.0,25.0,1,20240117
224,1244,25.0,25.0,25.0,25.0,1,20240117
225,1245,25.0,25.0,25.0,25.0,1,20240117
226,1246,25.0,25.0,25.0,25.0,1,20240117
227,1247,25.0,25.0,25.0,25.0,1,20240117
228,1248,25.0,25.0,25.0,25.0,1,20240117
229,1249,25.0,25.0,25.0,25.0,1,20240117
230,1250,25.0,25.0,25.0,25.0,1,20240117
231,1251,25.0,25.0,25.0,25.0,1,20240117
232,1252,25.0,25.0,25.0,25.0,1,20240117
233,1253,25.0,25.0,25.0,25.0,1,20240117
234,1254,25.0,25.0,25.0,25.0,1,20240117
235,1255,25.0,25.0,25.0,25.0,1,20240117
236,1256,25.0,25.0,25.0,25.0,1,20240117
237,1257,25.0,25.0,25.0,25.0,1,20240117
238,1258,25.0,25.0,25.0,25.0,1,20240117
239,1259,25.0,25.0,25.0,25.0,1,20240117
240,1300,25.0,25.0,25.0,25.0,1,20240117
241,1301,25.0,25.0,25.0,25.0,1,20240117
242,1302,25.0,25.0,25.0,25.0,1,20240117
243,1303,25.0,25.0,25.0,25.0,1,20240117
244,1304,25.0,25.0,25.0,25.0,1,20240117
245,1305,25.0,25.0,25.0,25.0,1,20240117
246,1306,25.0,25.0,25.0,25.0,1,20240117
247,1307,25.0,25.0,25.0,25.0,1,20240117
248,1308,25.0,25.0,25.0,25.0,1,20240117
249,1309,25.0,25.0,25.0,25.0,1,20240117
250,1310,25.0,25.0,25.0,25.0,1,20240117
251,1311,25.0,25.0,25.0,25.0,1,20240117
252,1312,25.0,25.0,25.0,25.0,1,20240117
253,1313,25.0,25.0,25.0,25.0,1,20240117
254,1314,25.0,25.0,25.0,25.0,1,20240117
255,1315,25.0,25.0,25.0,25.0,1,20240117
256,1316,25.0,25.0,25.0,25.0,1,20240117
257,1317,25.0,25.0,25.0,25.0,1,20240117
258,1318,25.0,25.0,25.0,25.0,1,20240117
259,1319,25.0,25.0,25.0,25.0,1,20240117
260,1320,25.0,25.0,25.0,25.0,1,20240117
261,1321,25.0,25.0,25.0,25.0,1,20240117
262,1322,25.0,25.0,25.0,25.0,1,20240117
263,1323,25.0,25.0,25.0,25.0,1,20240117
264,1324,25.0,25.0,25.0,25.0,1,20240117
265,1325,25.0,25.0,25.0,25.0,1,20240117
266,1326,25.0,25.0,25.0,25.0,1,20240117
267,1327,25.0,25.0,25.0,25.0,1,20240117
268,1328,25.0,25.0,25.0,25.0,1,20240117
269,1329,25.0,25.0,25.0,25.0,1,20240117
270,1330,25.0,25.0,25.0,25.0,1,20240117
271,1331,25.0,25.0,25.0,25.0,1,20240117
272,1332,25.0,25.0,25.0,25.0,1,20240117
273,1333,25.0,25.0,25.0,25.0,1,20240117
274,1334,25.0,25.0,25.0,25.0,1,20240117
275,1335,25.0,25.0,25.0,25.0,1,20240117
276,1336,25.0,25.0,25.0,25.0,1,20240117
277,1337,25.0,25.0,25.0,25.0,1,20240117
278,1338,25.0,25.0,25.0,25.0,1,20240117
279,1339,25.0,25.0,25.0,25.0,1,20240117
280,1340,25.0,25.0,25.0,25.0,1,20240117
281,1341,25.0,25.0,25.0,25.0,1,20240117
282,1342,25.0,25.0,25.0,25.0,1,20240117
283,1343,25.0,25.0,25.0,25.0,1,20240117
284,1344,25.0,25.0,25.0,25.0,1,20240117
285,1345,25.0,25.0,25.0,25.0,1,20240117
286,1346,25.0,25.0,25.0,25.0,1,20240117
287,1347,25.0,25.0,25.0,25.0,1,20240117
288,1348,25.0,25.0,25.0,25.0,1,20240117
289,1349,25.0,25.0,25.0,25.0,1,20240117
290,1350,25.0,25.0,25.0,25.0,1,20240117
291,1351,25.0,25.0,25.0,25.0,1,20240117
292,1352,25.0,25.0,25.0,25.0,1,20240117
293,1353,25.0,25.0,25.0,25.0,1,20240117
294,1354,25.0,25.0,25.0,25.0,1,20240117
295,1355,25.0,25.0,25.0,25.0,1,20240117
296,1356,25.0,25.0,25.0,25.0,1,20240117
297,1357,25.0,25.0,25.0,25.0,1,20240117
298,1358,25.0,25.0,25.0,25.0,1,20240117
299,1359,25.0,25.0,25.0,25.0,1,20240117
300,1400,25.0,25.0,25.0,25.0,1,20240117
301,1401,25.0,25.0,25.0,25.0,1,20240117
302,1402,25.0,25.0,25.0,25.0,1,20240117
303,1403,25.0,25.0,25.0,25.0,1,20240117
304,1404,25.0,25.0,25.0,25.0,1,20240117
305,1405,25.0,25.0,25.0,25.0,1,20240117
306,1406,25.0,25.0,25.0,25.0,1,20240117
307,1407,25.0,25.0,25.0,25.0,1,20240117
308,1408,25.0,25.0,25.0,25.0,1,20240117
309,1409,25.0,25.0,25.0,25.0,1,20240117
310,1410,25.0,25.0,25.0,25.0,1,20240117
311,1411,25.0,25.0,25.0,25.0,1,20240117
312,1412,25.0,25.0,25.0,25.0,1,20240117
313,1413,25.0,25.0,25.0,25.0,1,20240117
314,1414,25.0,25.0,25.0,25.0,1,20240117
315,1415,25.0,25.0,25.0,25.0,1,20240117
316,1416,25.0,25.0,25.0,25.0,1,20240117
317,1417,25.0,25.0,25.0,25.0,1,20240117
318,1418,25.0,25.0,25.0,25.0,1,20240117
319,1419,25.0,25.0,25.0,25.0,1,20240117
320,1420,25.0,25.0,25.0,25.0,1,20240117
321,1421,25.0,25.0,25.0,25.0,1,20240117
322,1422,25.0,25.0,25.0,25.0,1,20240117
323,1423,25.0,25.0,25.0,25.0,1,20240117
324,1424,25.0,25.0,25.0,25.0,1,20240117
325,1425,25.0,25.0,25.0,25.0,1,20240117
326,1426,25.0,25.0,25.0,25.0,1,20240117
327,1427,25.0,25.0,25.0,25.0,1,20240117
328,1428,25.0,25.0,25.0,25.0,1,20240117
329,1429,25.0,25.0,25.0,25.0,1,20240117
330,1430,25.0,25.0,25.0,25.0,1,20240117
331,1431,25.0,25.0,25.0,25.0,1,20240117
332,1432,25.0,25.0,25.0,25.0,1,20240117
333,1433,25.0,25.0,25.0,25.0,1,20240117
334,1434,25.0,25.0,25.0,25.0,1,20240117
335,1435,25.0,25.0,25.0,25.0,1,20240117
336,1436,25.0,25.0,25.0,25.0,1,20240117
337,1437,25.0,25.0,25.0,25.0,1,20240117
338,1438,25.0,25.0,25.0,25.0,1,20240117
339,1439,25.0,25.0,25.0,25.0,1,20240117
340,1440,25.0,25.0,25.0,25.0,1,20240117
341,1441,25.0,25.0,25.0,25.0,1,20240117
342,1442,25.0,25.0,25.0,25.0,1,20240117
343,1443,25.0,25.0,25.0,25.0,1,20240117
344,1444,25.0,25.0,25.0,25.0,1,20240117
345,1445,25.0,25.0,25.0,25.0,1,20240117
346,1446,25.0,25.0,25.0,25.0,1,20240117
347,1447,25.0,25.0,25.0,25.0,1,20240117
348,1448,25.0,25.0,25.0,25.0,1,20240117
349,1449,25.0,25.0,25.0,25.0,1,20240117
350,1450,25.0,25.0,25.0,25.0,1,20240117
351,1451,25.0,25.0,25.0,25.0,1,20240117
352,1452,25.0,25.0,25.0,25.0,1,20240117
353,1453,25.0,25.0,25.0,25.0,1,20240117
354,1454,25.0,25.0,25.0,25.0,1,20240117
355,1455,25.0,25.0,25.0,25.0,1,20240117
356,1456,25.0,25.0,25.0,25.0,1,20240117
357,1457,25.0,25.0,25.0,25.0,1,20240117
358,1458,25.0,25.0,25.0,25.0,1,20240117
359,1459,25.0,25.0,25.0,25.0,1,20240117
360,1500,25.0,25.0,25.0,25.0,1,20240117
361,1501,25.0,25.0,25.0,25.0,1,20240117
362,1502,25.0,25.0,25.0,25.0,1,20240117
363,1503,25.0,25.0,25.0,25.0,1,20240117
364,1504,25.0,25.0,25.0,25.0,1,20240117
365,1505,25.0,25.0,25.0,25.0,1,20240117
366,1506,25.0,25.0,25.0,25.0,1,20240117
367,1507,25.0,25.0,25.0,25.0,1,20240117
368,1508,25.0,25.0,25.0,25.0,1,20240117
369,1509,25.0,25.0,25.0,25.0,1,20240117
370,1510,25.0,25.0,25.0,25.0,1,20240117
371,1511,25.0,25.0,25.0,25.0,1,20240117
372,1512,25.0,25.0,25.0,25.0,1,20240117
373,1513,25.0,25.0,25.0,25.0,1,20240117
374,1514,25.0,25.0,25.0,25.0,1,20240117
375,1515,25.0,25.0,25.0,25.0,1,20240117
376,1516,25.0,25.0,25.0,25.0,1,20240117
377,1517,25.0,25.0,25.0,25.0,1,20240117
378,1518,25.0,25.0,25.0,25.0,1,20240117
379,1519,25.0,25.0,25.0,25.0,1,20240117
380,1520,25.0,25.0,25.0,25.0,1,20240117
381,1521,25.0,25.0,25.0,25.0,1,20240117
382,1522,25.0,25.0,25.0,25.0,1,20240117
383,1523,25.0,25.0,25.0,25.0,1,20240117
384,1524,25.0,25.0,25.0,25.0,1,20240117
385,1525,25.0,25.0,25.0,25.0,1,20240117
386,1526,25.0,25.0,25.0,25.0,1,20240117
387,1527,25.0,25.0,25.0,25.0,1,20240117
388,1528,25.0,25.0,25.0,25.0,1,20240117
389,1529,25.0,25.0,25.0,25.0,1,20240117
390,1530,25.0,25.0,25.0,25.0,1,20240117
391,1531,25.0,25.0,25.0,25.0,1,20240117
392,1532,25.0,25.0,25.0,25.0,1,20240117
393,1533,25.0,25.0,25.0,25.0,1,20240117
394,1534,25.0,25.0,25.0,25.0,1,20240117
395,1535,25.0,25.0,25.0,25.0,1,20240117
396,1536,25.0,25.0,25.0,25.0,1,20240117
397,1537,25.0,25.0,25.0,25.0,1,20240117
398,1538,25.0,25.0,25.0,25.0,1,20240117
399,1539,25.0,25.0,25.0,25.0,1,20240117
400,1540,25.0,25.0,25.0,25.0,1,20240117
401,1541,25.0,25.0,25.0,25.0,1,20240117
402,1542,25.0,25.0,25.0,25.0,1,20240117
403,1543,25.0,25.0,25.0,25.0,1,20240117
404,1544,25.0,25.0,25.0,25.0,1,20240117
405,1545,25.0,25.0,25.0,25.0,1,20240117
406,1546,25.0,25.0,25.0,25.0,1,20240117
407,1547,25.0,25.0,25.0,25.0,1,20240117
408,1548,25.0,25.0,25.0,25.0,1,20240117
409,1549,25.0,25.0,25.0,25.0,1,20240117
410,1550,25.0,25.0,25.0,25.0,1,20240117
411,1551,25.0,25.0,25.0,25.0,1,20240117
412,1552,25.0,25.0,25.0,25.0,1,20240117
413,1553,25.0,25.0,25.0,25.0,1,20240117
414,1554,25.0,25.0,25.0,25.0,1,20240117
415,1555,25.0,25.0,25.0,25.0,1,20240117
416,1556,25.0,25.0,25.0,25.0,1,20240117
417,1557,25.0,25.0,25.0,25.0,1,20240117
418,1558,25.0,25.0,25.0,25.0,1,20240117
419,1559,25.0,25.0,25.0,25.0,1,20240117
420,1600,25.0,25.0,25.0,25.0,1,20240117
421,1601,25.0,25.0,25.0,25.0,1,20240117
422,1602,25.0,25.0,25.0,25.0,1,20240117
423,1603,25.0,25.0,25.0,25.0,1,20240117
424,1604,25.0,25.0,25.0,25.0,1,20240117
425,1605,25.0,25.0,25.0,25.0,1,20240117
426,1606,25.0,25.0,25.0,25.0,1,20240117
427,1607,25.0,25.0,25.0,25.0,1,20240117
428,1608,25.0,25.0,25.0,25.0,1,20240117
429,1609,25.0,25.0,25.0,25.0,1,20240117
430,1610,25.0,25.0,25.0,25.0,1,20240117
431,1611,25.0,25.0,25.0,25.0,1,20240117
432,1612,25.0,25.0,25.0,25.0,1,20240117
433,1613,25.0,25.0,25.0,25.0,1,20240117
434,1614,25.0,25.0,25.0,25.0,1,20240117
435,1615,25.0,25.0,25.0,25.0,1,20240117
436,1616,25.0,25.0,25.0,25.0,1,20240117
437,1617,25.0,25.0,25.0,25.0,1,20240117
438,1618,25.0,25.0,25.0,25.0,1,20240117
439,1619,25.0,25.0,25.0,25.0,1,20240117
440,1620,25.0,25.0,25.0,25.0,1,20240117
441,1621,25.0,25.0,25.0,25.0,1,20240117
442,1622,25.0,25.0,25.0,25.0,1,20240117
443,1623,25.0,25.0,25.0,25.0,1,20240117
444,1624,25.0,25.0,25.0,25.0,1,20240117
445,1625,25.0,25.0,25.0,25.0,1,20240117
446,1626,25.0,25.0,25.0,25.0,1,20240117
447,1627,25.0,25.0,25.0,25.0,1,20240117
448,1628,25.0,25.0,25.0,25.0,1,20240117
449,1629,25.0,25.0,25.0,25.0,1,20240117
450,1630,25.0,25.0,25.0,25.0,1,20240117
451,1631,25.0,25.0,25.0,25.0,1,20240117
452,1632,25.0,25.0,25.0,25.0,1,20240117
453,1633,25.0,25.0,25.0,25.0,1,20240117
454,1634,25.0,25.0,25.0,25.0,1,20240117
455,1635,25.0,25.0,25.0,25.0,1,20240117
456,1636,25.0,25.0,25.0,25.0,1,20240117
457,1637,25.0,25.0,25.0,25.0,1,20240117
458,1638,25.0,25.0,25.0,25.0,1,20240117
459,1639,25.0,25.0,25.0,25.0,1,20240117
460,1640,25.0,25.0,25.0,25.0,1,20240117
461,1641,25.0,25.0,25.0,25.0,1,20240117
462,1642,25.0,25.0,25.0,25.0,1,20240117
463,1643,25.0,25.0,25.0,25.0,1,20240117
464,1644,25.0,25.0,25.0,25.0,1,20240117
465,1645,25.0,25.0,25.0,25.0,1,20240117
466,1646,25.0,25.0,25.0,25.0,1,20240117
467,1647,25.0,25.0,25.0,25.0,1,20240117
468,1648,25.0,25.0,25.0,25.0,1,20240117
469,1649,25.0,25.0,25.0,25.0,1,20240117
470,1650,25.0,25.0,25.0,25.0,1,20240117
471,1651,25.0,25.0,25.0,25.0,1,20240117
472,1652,25.0,25.0,25.0,25.0,1,20240117
473,1653,25.0,25.0,25.0,25.0,1,20240117
474,1654,25.0,25.0,25.0,25.0,1,20240117
475,1655,25.0,25.0,25.0,25.0,1,20240117
476,1656,25.0,25.0,25.0,25.0,1,20240117
477,1657,25.0,25.0,25.0,25.0,1,20240117
478,1658,25.0,25.0,25.0,25.0,1,20240117
479,1659,25.0,25.0,25.0,25.0,1,20240117
480,1700,25.0,25.0,25.0,25.0,1,20240117
481,1701,25.0,25.0,25.0,25.0,1,20240117
482,1702,25.0,25.0,25.0,25.0,1,20240117
483,1703,25.0,25.0,25.0,25.0,1,20240117
484,1704,25.0,25.0,25.0,25.0,1,20240117
485,1705,25.0,25.0,25.0,25.0,1,20240117
486,1706,25.0,25.0,25.0,25.0,1,20240117
487,1707,25.0,25.0,25.0,25.0,1,20240117
488,1708,25.0,25.0,25.0,25.0,1,20240117
489,1709,25.0,25.0,25.0,25.0,1,20240117
490,1710,25.0,25.0,25.0,25.0,1,20240117
491,1711,25.0,25.0,25.0,25.0,1,20240117
492,1712,25.0,25.0,25.0,25.0,1,20240117
493,1713,25.0,25.0,25.0,25.0,1,20240117
494,1714,25.0,25.0,25.0,25.0,1,20240117
495,1715,25.0,25.0,25.0,25.0,1,20240117
496,1716,25.0,25.0,25.0,25.0,1,20240117
497,1717,25.0,25.0,25.0,25.0,1,20240117
498,1718,25.0,25.0,25.0,25.0,1,20240117
499,1719,25.0,25.0,25.0,25.0,1,20240117
500,1720,25.0,25.0,25.0,25.0,1,20240117
501,1721,25.0,25.0,25.0,25.0,1,20240117
502,1722,25.0,25.0,25.0,25.0,1,20240117
503,1723,25.0,25.0,25.0,25.0,1,20240117
504,1724,25.0,25.0,25.0,25.0,1,20240117
505,1725,25.0,25.0,25.0,25.0,1,20240117
506,1726,25.0,25.0,25.0,25.0,1,20240117
507,1727,25.0,25.0,25.0,25.0,1,20240117
508,1728,25.0,25.0,25.0,25.0,1,20240117
509,1729,25.0,25.0,25.0,25.0,1,20240117
510,1730,25.0,25.0,25.0,25.0,1,20240117
511,1731,25.0,25.0,25.0,25.0,1,20240117
512,1732,25.0,25.0,25.0,25.0,1,20240117
513,1733,25.0,25.0,25.0,25.0,1,20240117
514,1734,25.0,25.0,25.0,25.0,1,20240117
515,1735,25.0,25.0,25.0,25.0,1,20240117
516,1736,25.0,25.0,25.0,25.0,1,20240117
517,1737,25.0,25.0,25.0,25.0,1,20240117
518,1738,25.0,25.0,25.0,25.0,1,20240117
519,1739,25.0,25.0,25.0,25.0,1,20240117
520,1740,25.0,25.0,25.0,25.0,1,20240117
521,1741,25.0,25.0,25.0,25.0,1,20240117
522,1742,25.0,25.0,25.0,25.0,1,20240117
523,1743,25.0,25.0,25.0,25.0,1,20240117
524,1744,25.0,25.0,25.0,25.0,1,20240117
525,1745,25.0,25.0,25.0,25.0,1,20240117
526,1746,25.0,25.0,25.0,25.0,1,20240117
527,1747,25.0,25.0,25.0,25.0,1,20240117
528,1748,25.0,25.0,25.0,25.0,1,20240117
529,1749,25.0,25.0,25.0,25.0,1,20240117
530,1750,25.0,25.0,25.0,25.0,1,20240117
531,1751,25.0,25.0,25.0,25.0,1,20240117
532,1752,25.0,25.0,25.0,25.0,1,20240117
533,1753,25.0,25.0,25.0,25.0,1,20240117
534,1754,25.0,25.0,25.0,25.0,1,20240117
535,1755,25.0,25.0,25.0,25.0,1,20240117
536,1756,25.0,25.0,25.0,25.0,1,20240117
537,1757,25.0,25.0,25.0,25.0,1,20240117
538,1758,25.0,25.0,25.0,25.0,1,20240117
539,1759,25.0,25.0,25.0,25.0,1,20240117
540,1800,25.0,25.0,25.0,25.0,1,20240117
541,1801,25.0,25.0,25.0,25.0,1,20240117
542,1802,25.0,25.0,25.0,25.0,1,20240117
543,1803,25.0,25.0,25.0,25.0,1,20240117
544,1804,25.0,25.0,25.0,25.0,1,20240117
545,1805,25.0,25.0,25.0,25.0,1,20240117
546,1806,25.0,25.0,25.0,25.0,1,20240117
547,1807,25.0,25.0,25.0,25.0,1,20240117
548,1808,25.0,25.0,25.0,25.0,1,20240117
549,1809,25.0,25.0,25.0,25.0,1,20240117
550,1810,25.0,25.0,25.0,25.0,1,20240117
551,1811,25.0,25.0,25.0,25.0,1,20240117
552,1812,25.0,25.0,25.0,25.0,1,20240117
553,1813,25.0,25.0,25.0,25.0,1,20240117
554,1814,25.0,25.0,25.0,25.0,1,20240117
555,1815,25.0,25.0,25.0,25.0,1,20240117
556,1816,25.0,25.0,25.0,25.0,1,20240117
557,1817,25.0,25.0,25.0,25.0,1,20240117
558,1818,25.0,25.0,25.0,25.0,1,20240117
559,1819,25.0,25.0,25.0,25.0,1,20240117
560,1820,25.0,25.0,25.0,25.0,1,20240117
561,1821,25.0,25.0,25.0,25.0,1,20240117
562,1822,25.0,25.0,25.0,25.0,1,20240117
563,1823,25.0,25.0,25.0,25.0,1,20240117
564,1824,25.0,25.0,25.0,25.0,1,20240117
565,1825,25.0,25.0,25.0,25.0,1,20240117
566,1826,25.0,25.0,25.0,25.0,1,20240117
567,1827,25.0,25.0,25.0,25.0,1,20240117
568,1828,25.0,25.0,25.0,25.0,1,20240117
569,1829,25.0,25.0,25.0,25.0,1,20240117
570,1830,25.0,25.0,25.0,25.0,1,20240117
